G:\LithiumData\2019\2019.11\11.16,G:\LithiumData\2019\2019.11\11.17,G:\LithiumData\2019\2019.11\11.18,G:\LithiumData\2019\2019.11\11.19,G:\LithiumData\2019\2019.11\11.20,G:\LithiumData\2019\2019.11\11.21,G:\LithiumData\2019\2019.11\11.22,G:\LithiumData\2019\2019.11\11.23,G:\LithiumData\2019\2019.11\11.24,G:\LithiumData\2019\2019.11\11.25,G:\LithiumData\2019\2019.11\11.26,G:\LithiumData\2019\2019.11\11.27,G:\LithiumData\2019\2019.11\11.28,G:\LithiumData\2019\2019.11\11.29,G:\LithiumData\2019\2019.11\11.30,G:\LithiumData\2019\2019.12\12.01,G:\LithiumData\2019\2019.12\12.02,G:\LithiumData\2019\2019.12\12.03,G:\LithiumData\2019\2019.12\12.04,G:\LithiumData\2019\2019.12\12.05,G:\LithiumData\2019\2019.12\12.06,G:\LithiumData\2019\2019.12\12.07,G:\LithiumData\2019\2019.12\12.08,G:\LithiumData\2019\2019.12\12.09,G:\LithiumData\2019\2019.12\12.10,G:\LithiumData\2019\2019.12\12.11,G:\LithiumData\2019\2019.12\12.12,G:\LithiumData\2019\2019.12\12.13,G:\LithiumData\2019\2019.12\12.14,G:\LithiumData\2019\2019.12\12.15,G:\LithiumData\2019\2019.12\12.16,G:\LithiumData\2019\2019.12\12.17,G:\LithiumData\2019\2019.12\12.18,G:\LithiumData\2019\2019.12\12.19,G:\LithiumData\2019\2019.12\12.20,G:\LithiumData\2019\2019.12\12.21,G:\LithiumData\2019\2019.12\12.22,G:\LithiumData\2019\2019.12\12.23,G:\LithiumData\2019\2019.12\12.24,G:\LithiumData\2019\2019.12\12.25,G:\LithiumData\2019\2019.12\12.26,G:\LithiumData\2019\2019.12\12.27,G:\LithiumData\2019\2019.12\12.28,G:\LithiumData\2019\2019.12\12.29,G:\LithiumData\2019\2019.12\12.30,G:\LithiumData\2019\2019.12\12.31,G:\LithiumData\2020\2020.01\01.01,G:\LithiumData\2020\2020.01\01.02,G:\LithiumData\2020\2020.01\01.03,G:\LithiumData\2020\2020.01\01.04,G:\LithiumData\2020\2020.01\01.05,G:\LithiumData\2020\2020.01\01.06,G:\LithiumData\2020\2020.01\01.07,G:\LithiumData\2020\2020.01\01.08,G:\LithiumData\2020\2020.01\01.09,G:\LithiumData\2020\2020.01\01.10,G:\LithiumData\2020\2020.01\01.11,G:\LithiumData\2020\2020.01\01.12,G:\LithiumData\2020\2020.01\01.13,G:\LithiumData\2020\2020.01\01.14,G:\LithiumData\2020\2020.01\01.15,G:\LithiumData\2020\2020.01\01.16,G:\LithiumData\2020\2020.01\01.17,G:\LithiumData\2020\2020.01\01.18,G:\LithiumData\2020\2020.01\01.19,G:\LithiumData\2020\2020.01\01.20,G:\LithiumData\2020\2020.01\01.21,G:\LithiumData\2020\2020.01\01.22,G:\LithiumData\2020\2020.01\01.23,G:\LithiumData\2020\2020.01\01.24,G:\LithiumData\2020\2020.01\01.25,G:\LithiumData\2020\2020.01\01.26,G:\LithiumData\2020\2020.01\01.27,G:\LithiumData\2020\2020.01\01.28,G:\LithiumData\2020\2020.01\01.29,G:\LithiumData\2020\2020.01\01.30,G:\LithiumData\2020\2020.01\01.31,G:\LithiumData\2020\2020.02\02.01,G:\LithiumData\2020\2020.02\02.02,G:\LithiumData\2020\2020.02\02.03,G:\LithiumData\2020\2020.02\02.04,G:\LithiumData\2020\2020.02\02.05,G:\LithiumData\2020\2020.02\02.06,G:\LithiumData\2020\2020.02\02.07,G:\LithiumData\2020\2020.02\02.08,G:\LithiumData\2020\2020.02\02.09,G:\LithiumData\2020\2020.02\02.10,G:\LithiumData\2020\2020.02\02.11,G:\LithiumData\2020\2020.02\02.12,G:\LithiumData\2020\2020.02\02.13,G:\LithiumData\2020\2020.02\02.14,G:\LithiumData\2020\2020.02\02.15,G:\LithiumData\2020\2020.02\02.16,G:\LithiumData\2020\2020.02\02.17,G:\LithiumData\2020\2020.02\02.18,G:\LithiumData\2020\2020.02\02.19,G:\LithiumData\2020\2020.02\02.20,G:\LithiumData\2020\2020.02\02.21,G:\LithiumData\2020\2020.02\02.22,G:\LithiumData\2020\2020.02\02.23,G:\LithiumData\2020\2020.02\02.24,G:\LithiumData\2020\2020.02\02.25,G:\LithiumData\2020\2020.02\02.26,G:\LithiumData\2020\2020.02\02.27,G:\LithiumData\2020\2020.02\02.28,G:\LithiumData\2020\2020.02\02.29,G:\LithiumData\2020\2020.03\03.01,G:\LithiumData\2020\2020.03\03.02,G:\LithiumData\2020\2020.03\03.03,G:\LithiumData\2020\2020.03\03.04,G:\LithiumData\2020\2020.03\03.05,G:\LithiumData\2020\2020.03\03.06,G:\LithiumData\2020\2020.03\03.07,G:\LithiumData\2020\2020.03\03.08,G:\LithiumData\2020\2020.03\03.09,G:\LithiumData\2020\2020.03\03.10,G:\LithiumData\2020\2020.03\03.11,G:\LithiumData\2020\2020.03\03.12,G:\LithiumData\2020\2020.03\03.13,G:\LithiumData\2020\2020.03\03.14,G:\LithiumData\2020\2020.03\03.15,G:\LithiumData\2020\2020.03\03.16,G:\LithiumData\2020\2020.03\03.17
,,01 - Noninter check,01 - stats 49 deg KD,01 - KD check KP1 6V KP2 3V WP2 52.75 deg,01 - WD XV1 A9 B.5 265 kHz mod bm TOF 1250,01 - ZONE EDGE XV7.5 A5 B0.1 f48,,,01 - WD A3 B1 f65 XV1.5,01 - noninter stats,01 - noninter stats,,,,,01 - noninter check,01 - MEGAKD KP1 2V pulse 2 us T100us TOF3000,01 - TALBOT INT KP1 7V KP2 2.2V N10 TOF 2000 pulse 2us T100us,,01 - MEGAKD KP1 7V 7.5Er pulse 2us T10us TOF3000,,,01 - imaging beam check with BEC,01 - HF MEGAKD KP1 7V 7.5Er pulse 2us T30us TOF3000,01 - HF MEGAKD KP1 2.75V 5.7Er pulse 4us T20us TOF3000,01 - KP!VVA fine scan,01 - KD2,,,,,,01 - HF check,01 - HF check,01 - HF check,,,,,,,,,,,,,,,,01 - HF Check,01 - noninter check,01 - HF check,01 - noninter check,01 - Objective fiddling,,,01 - noninter check,01 - imaging beam with telescope down,01 - HF light,01 - noninter check IMC 4.85mW TOF 1.5ms,01 - HF check,,01 - noninter check,01 - HF check,01 - HF check,01 - HF Check,25 - HF MEGAKD FF8.58V KP2VVA 1.5V 75Er tau.3us T7us TOF1500us,01 - noninter check,,,01 - NI check,01 - noninter check,01 - mot check,01 - HF check,01 - HF check,,,01 - NI check,,,01 - NI check,01 - HF check,,,01 - HF check,,01 - HF check,01 - HF check,01 - HF check,,,,,01 - HF check,01 - HF check,01SBB - HF Side TOF,,,01 - HF check,01 - HF check,01 - HF check,01 - HF check,01 - hf check,,,01 - HF check,01 - HF check,01 - HF check,01 - HF check,01 - HF check,,,01 - HF check,01 - HF check,01 - Scattering Halos FF 8.67V hold 400us tau1us stats,01 - HF check,01 - Scattering Halos FF 8.66 no hold tau 1us KP2VVA 3.5V 25 Er,,,,
,,02 - Noninter check 10s MOT Load,02 - KD both beams KP1 1V vary KP2,02 - KD both beams KP2 1V vary KP1,02 - noninter check,02 - ZONE EDGE XV7.5 A5 B0.1 f48 REAL,,,02 - WD A5 B1 f75 XV1.5,02 - LZ XV1.5 A5 vary B f110,02 - MEGAKD KP1 4.143V Pulsetime3us Pulsewait 497 us TOF2000,,,,,02 - HF check,02 - MEGAKD KP1 4V pulse 2 us T100us TOF3000,02 - MEGAKD KP1 7V pulse 4us T100us TOF3000,,02 - MEGAKD KP1 7V 7.5Er pulse 2us T20us TOF3000,,,02 - imaging mag telescope in vary t_image,02 - KD1,02 - MEGAKD KP1 2.75V 5.7Er pulse 4us T20us TOF3000,02 - noninter megakd 6 kicks pulse 2us T20us TOF 3000 stats,02 - KD1,,,,,,02 - HF KD,02SB - ODT1 beam,02 - HF divisor,,,,,,,,,,,,,,,,02 - HF Divisor,02 - MEGAKD stats initial IMC DP power,02 - HF insitu ODT hold,02 - evap from noninter test,,,,02 - iteration 1 objective lens move,02 - imaging beam post movement,02 - HF check,02 - noninter check IMC 1.5mW TOF1.5ms,02 - noninter check,,02 - MEGAKD T9.7us tau0.3us KP2VVA 3V 18Er FF2 6.33,02 - HF MEGAKD T9.7us tau300ns KP2VVA 3V 18Er FF 8.473,02 - HF vary FF with appropiate HFIMCdetuning 100 kicks TOF 1500,02 - HF scan FF after OpEvap,26 - HF check,02 - noninter divisor opevaptime4.5s,,,02 - NI TOF 100 kicks KP2VVA 1V  18Er T 9.7us tau.3us,02 - ramp to small field attempt,02 - evapD check,02 - HF MEGAKD FF 8.473V KP2VVA 1.5V 75 Er tau.3us T9us TOF 2000,02 - evapD check,,,,,,02 - HF check,02 - HF divisor,,,02 - HF vary MOT load,,02 - HF vary D1PumpTime,02 - KD pulse time testing,02 - HF MEGAKD FF 8.63 T9.7us tau .3us KP2VVA 1V TOF at each kick,,,,,02 - HF divisor,02 - HF FF8.64V divisor,02SBB - HF side tof,,,02 - HF MEGAKD FF 8.473 big TOF each kick T3us tau0.15us KP2VVA 1.5V,02 - HF MEGAKD FF 8.61 big TOF each kick T3us tau0.15us KP2VVA 1.5V,02 - HF divisor,02 - MEGAKD FF 8.473V T9.7us tau0.3us KP2VVA 1.5V TOF at each kick avg,02 - HF MEGAKD FF8.473V T9.7us tau0.3us KP2 0.97V 30 Er,,,02 - HF MEGAKD FF 8.64V T9.7us tau0.3us KP2VVA 1.5V 100Er 3 TOF avg,02 - HF vary HFSnap time,02 -  HF KD 1us pulse TOF 2000us,02 - HF MEGAKD FF8.66V KP2VVA 1.17V 50 Er T10us tau.3us no odt hold,02 - HF MEGAKD 50 kicks vary FF tau300ns T10us,,,02 - HF divisor,02 - Scattering Halos FF 8.473 dummy 5us hold 700us after kick tau300ns KP2VVA 3.5V 20Er TOF 1500,02 - Scattering Halos FF 8.65V hold 400us tau1us stats,02 - HF divisor,,,,,
,,03 - HF BEC check,03 - KD both beams KP2 1V vary KP1,03 - KD both beams KP2 1V vary KP1,03 - ZONE EDGE XV5 A9 B.5 f265 bm TOF 1250,03 - PSBO XV7.5 A5 KP1VVA 3.781,,,03 - LZ A5 vary B f75 XV1.5,03 - LZ XV1.5 A5 vary B f70,03 - MEGAKD A5 Pulsetime1us T.5ms,,,,,03 - MEGAKD KP1 7V pulsetime 2us T100us TOF 2000,03 - MEGAKD KP1 4V pulse 2 us T100us no TOF,03 -  MEGAKD KP1 7V pulse 4us T50us TOF3000,,03 - HF MEGAKD KP1 7V 7.5Er pulse 2us T20us TOF3000,,,03 - imaging power .47mW vary timage,03 - HF MEGAKD KP1 3V 7.5Er pulse 2us T30us TOF3000,03 - MEGAKD KP1 3V 7.5Er pulse 2us T10us TOF3000,03 - calib,03 - MEGAKD KP2VVA 3V 10Er pulse 500ns T10us,,,,,,03 - HF MEGAKD KP2 3V tau .5us T10us TOF3ms,03SBB - HF check,03 - HF TOF divisor 6,,,,,,,,,,,,,,,,03 - HF vary SXFT Time divisor 6 TOF 0,03 - MEGAKD stats 0.355 mW IMC,03 - HF insitu XODT hold,03 - evap around noninter,,,,03 - iteration 2 objective lens move,03 - imaging beam with demag up,03 - HF light,03 - noninter vary t_image,03 - MEGAKD FF2 6.33V T9.7us tau300ns KP2VVA 3V 18Er,,03 - MEGAKD T9.7us tau0.3us KP2VVA 3V 18Er FF2 6.33 COPY,03 - HF MEGAKD 3 runs HW ROI  T9.7us tau300ns KP2VVA 3V 18Er FF 8.473,03 - HF FF 8.553V vary HFdetuning,03 - HF scan FF after evap shorter hold,27 - HF MEGAKD FF8.58V KP2VVA 1.25V 50Er tau.3us T7us TOF0,03 - NI KD tau1us TOF1500us,,,03 - NI TOF 3 kicks KP2VVA 1V 18Er T 9.7us tau.3us,,03 - no field ramp vary ramp time,03 - HF check increase image power .22mW to .43mW,03 - evapD TOF,,,,,,03 - HF divisor,03 - MEGAKD check,,,03 - HF vary MOT load post MOTC coupling,,03 - lookin at wing coils,03 - HF MEGAKD leave ODTs on,03 - HF check,,,,,03 - HF TOF divisor 5,03 - HF FF8.64V test higher kick numbers,03SBB - HF side tof with vert shim ttl turned on,,,03 - HF MEGAKD FF 8.64 big TOF each kick T3us tau0.15us KP2VVA 1.5V,03 - HF MEGAKD FF 8.63 big TOF each kick T3us tau0.15us KP2VVA 1.5V,03 - HF FF8.64 TOF,,03 - hf check,,,03 - HF MEGAKD FF 8.64V T20us tau0.3us KP2VVA 1.5V 100Er 3 TOF avg,03 - HF ramp ODTs to max after opevap,03 - HF repeats,03 - HF MEGAKD FF8.68V KP2VVA 0.97V 25Er T10us tau.3us,03 - HF MEGAKD odts on FF 8.64V KP2VVA 3.5V 20Er tau.3us T10us,,,03 - HF MEGAKD KP2VVA1 T10us tau.3us,03 - Scattering Halos FF 8.64 vary ODT hold time after kick,03 - Scattering Halos FF 8.63V hold 400us tau1us stats,03 -  scattering halos FF8.63V no hold 1us pulse KP2VVA 3.5V,,,,,
,,04 - non inter check,04 - KD both beams KP2 2V vary KP1,04 - KD both beams KP2 1.25V vary KP1,04 - ZONE EDGE XV6 A9 B.5 f265 bm TOF 1250,04 - noninter check,,,04 - LZ A5 vary B f85 XV1.5,04 - LZ XV1.5 A5 vary B f65,04 - MEGAKD KP1 4.143V Pulsetime3us T.1ms TOF 2000,,,,,04 - MEGAKD KP1 7V pulsetime 2us T100us TOF 2000 MOT load 7.5s,04 - noninter TOF,04 - MEGAKD KP1 7V pulse 6us T50us TOF3000,,04 - HF MEGAKD KP1 7V 7.5Er pulse 2us T10us TOF3000,,,04 - imaging 1.58 mW vary timage,04 - MEGAKD KP1 3V 7.5Er pulse 2us T30us TOF3000,04 - HF MEGAKD KP1 3V 7.5Er pulse 2us T10us TOF3000,04 - KD1,04 - MEGAKD KP2VVA 3V 10Er pulse 500ns T20us,,,,,,04 - HF MEGAKD KP2 3V tau1us T10us TOF3ms,04SBB - ODT1 only,04SBB - HF TOF0 position,,,,,,,,,,,,,,,,04 - HF vary SXFTime divisor 6 TOF 0 correct word time,04 - MEGAKD stats 0.355 mW IMC with demag,04 - HF insitu ODT hold,04 - evap around noninter vary noninterIMC and FeshField2 divisor 6,,,,04 - iteration 3 objective lens move,04 - MEGAKD stats,04 - hf check,04 - MEGAKD T9.7us  KP2VVA 3V 18Er tau300ns,04 - noninter TOF  FF2 6.38V,,,,04 - HF MEGAKD 4 runs  T9.7us tau300ns KP2VVA 3V 18Er FF 8.553V,04 - HF scan FF after evap no hold after,28 - HF MEGAKD FF8.64V KP2VVA 2V 112Er tau.3us T7us TOF0,04 - NI KD tau1us TOF2000us divisor 3.7,,,04 - NI TOF 15 kicks KP2VVA 1V 18Er T 9.7us tau.3us,,04 - noninter check,04 - HF divisor,04 - plug check,,,,,,04 - HF vary timage,04 - HF MEGAKD FF8.473 T 9.7us tau .3us KP2VVA 1V,,,04 - HF MEGAKD FF 8.473 T11us tau .3us KP2VVA 1V,,04 - HF MEGAKD FF 8.64 T9.7us tau .3us KP2VVA 1V TOF at each kick,04 - HF MEGAKD FF 8.473V KP2VVA 3.5V tau .3us T9.7us,04 - HF MEGAKD FF 8.64 T9.7us tau .3us KP2VVA 1V TOF at each kick,,,,,04 - KP2VVA scope testing,04 - HF FF8.64V TOF at 80 kicks,04 - HF MEGAKD FF 8.473 big TOF each kick only large kicks T9.7us tau0.3us KP2VVA 1.5V,,,,,04 - HF FF8.64 TOF XV wing 3.1V,,04 - hf divisor,,,,04 - HF trapped (ramped ODTs) vary HF Snap time,04 - HF trapped try KD pulse,04 - HF MEGAKD FF8.7V KP2VVA 0.97V 25Er T10us tau.3us,04 - HF MEGAKD odts on FF 8.64V KP2VVA 3.5V 20Er tau1us T10us,,,04 - HF MEGAKDFF 8.67V KP2VVA2 T10us tau.3us,04 - Scattering Halos FF 8.64 vary ODT hold time after kick,04 - Scattering Halos FF 8.61V hold 400us tau1us stats,04 -  scattering halos FF8.64V no hold 1us pulse KP2VVA 3.5V,,,,,
,,05 - KD2 check,05 - KD both beams KP2 3V vary KP1,05 - KD both beams KP2 1.5V vary KP1,05 - ZONE EDGE XV7 A9 B.5 f265 bm TOF,05 - ZONE EDGE XV7.5 A5 B0.5 f40,,,05 - LZ A5 vary B f95 XV1.5,05 - LZ XV1.5 A5 vary B f65,05 - MEGAKD KP1 4.143V Pulsetime3us T50us TOF 2000,,,,,05 - TRY TIMESTEP LOOP,05 - noninter TOF out to 20ms,,,05 - HF MEGAKD KP1 7V 7.5Er pulse 2us T30us TOF3000,,,05 - imaging 1mW vary timage,05 - MEGAKD KP1 2.75V 5.7Er pulse 2us T20us TOF3000,05 - HF MEGAKD KP1 2.23V 3Er pulse 2us T20us TOF3000,05 - Phase map t10us 2to12Er pulse 2us TOF 3000,05 - MEGAKD KP2VVA 3V 10Er pulse 500ns T5us,,,,,,05 - HF MEGAKD KP2 3V tau1.5us T10us TOF3ms,05SBB - ODT2 only,05SBB - HF TOF0 position,,,,,,,,,,,,,,,,05 - HF stats,05 - noninter check,05 - HF Check,05 - evap around noninter vary FeshField2 ramp to image at same field,,,,05 - iteration 4 objective lens move,05 - MEGAKD stats with demag down,05 - HF MEGAKD check,05 - MEGAKD T10us KP2VVA 3V 18Er tau300ns TOF1.5ms,05 - noninter scan IMCNoninter FF2 6.38V,,,,05 - HF KD,05 - HF scan FF turn up ODTs after evap,29 - HF MEGAKD FF8.58V KP2VVA 1.5V 75Er tau.3us T7us TOF1500us,05 - NI MEGAKD KP2VVA 2.8V 75Er T7us tau.3us TOF1500us,,,05 - NI TOF 30 kicks KP2VVA 1V 18Er T 9.7us tau.3us,,05 - no field ramp back to noninter,05 - HF KD,05 - ODT check,,,,,,05 - HF stats divisor 4 timage 15us,05 - HF MEGAKD FF8.6 T 9.7us tau .3us KP2VVA 1V,,,05 - HF MEGAKD FF 8.473 T9.7us tau .3us KP2VVA 1V TOF at each kick,,05 - HF FF8.64V scan HFIMCDetuning,05 - HF MEGAKD FF 8.64V KP2VVA 3.5V tau .3us T9.7us,05 - HF MEGAKD FF 8.64 T9.7us tau .3us KP2VVA 3.5V TOF at each kick,,,,,05 - HF MEGAKD FF 8.473V T9.7us tau0.15us KP1VVA 1.5V,05 - HF MEGAKD FF 8.64V TOF each kick T9.7us tau0.3us KP2VVA 1.5V,,,,,,05 - HF FF8.64 TOF XV wing 3.05V ZS wing 4V,,05 - keepin it warm,,,,05 - HF trapped vary FF,05 - HF trapped MEGAKD FF 8.46V T9.7us tau1us KP2VVA 3.5V 20Er TOF avg,05 - HF MEGAKD FF8.67V KP2VVA 0.97V 25Er T10us tau.3us,05 - HF MEGAKD 2 kicks vary FF tau300ns T10.14us KP2VVA 2V,,,05 - HF MEGAKDFF 8.67V KP2VVA2 T10.14us tau.3us,05 - Scattering Halos FF 8.64 vary ODT hold time after kick tau2us,05 - Scattering Halos FF 8.67V hold 100us tau1us stats,05 -  scattering halos FF8.65V no hold 1us pulse KP2VVA 3.5V,,,,,
,,06 - KD1 check,06 - KD both beasm KP2 1.25V vary KP1,06 - KD both beams KP2 2V vary KP1,06 - ZONE EDGE XV5 A9 B.5 f270 bm TOF1250,06 - ZONE EDGE XV7.5 A5 B0.5 f44,,,06 - LZ A5 vary B f105 XV1.5,06 - LZ XV1.5 A5 vary B f60,06 - MEGAKD KP1 4.143V Pulsetime 3us T25us TOF2000,,,,,06 - MEGAKD KP1 7V pulsetime 2us T50us TOF 2000 MOT load 7.5s,06 - noninter TOF out to 20ms REAL,,,06 - HF MEGAKD KP1 7V 7.5Er pulse 3us T20us TOF3000,,,06 - imaging .302mW vary timage,06 - HF MEGAKD KP1 2.75V 5.7Er pulse 2us T20us TOF3000,06 - MEGAKD KP1 2.23V 3Er pulse 2us T20us TOF3000,06 - Phase map t20us 2to12Er pulse 2us TOF 3000,06 - MEGAKD KP2VVA 3V 10Er pulse 500ns T7us,,,,,,06 - HF MEGAKD KP2 3V tau2us T10us TOF3ms,06SBB - both ODT,06SBB - KP1 beam pos,,,,,,,,,,,,,,,,06 - HF MEGAKD KP2 3V 9Er tau .3us T10us TOF 3ms,06 - MEGAKD stats 0.455 mW IMC with demag,06 - HF TOF,06 - evap noninter divisor,,,,06 - non inter stats,06 - MEGAKD demag down vary t_image,New folder,06 - noninter check,06 - MEGAKD FF2 6.38V T9.7us tau300ns KP2VVA 3V 18Er,,,,06 - HF MEGAKD 150Er T7us tau300ns TOF1500us,06 - HF FF 8.66V lifetime measurement,30 - HF divisor,06 - NI MEGAKD KP2VVA 2.8V 75Er T9us tau.3us TOF1500us,,,06 - NI TOF 9 kicks KP2VVA 1V 18Er T 9.7us tau.3us,,06 - noninter check,06 - HF MEGAKD FF8.473V KP2VVA 2V 125Er tau.3us T9us TOF2000us,06 - HF check,,,,,,06 - Lattice beams before alignment,06 - HF MEGAKD FF8.64 T 9.7us tau .3us KP2VVA 1V,,,06 - HF stats,,06 - HF MEGAKD FF 8.64 T9.7us tau .3us KP2VVA 1V TOF at each kick,06 - KD pulse time testing contd,06 - HF MEGAKD FF 8.473 T9.7us tau .3us KP2VVA 3.5V TOF at each kick,,,,,06 - HF MEGAKD FF 8.473V T9.7us tau0.2us KP1VVA 1.5V,06 - HF FF8.63V detuning check,,,,,,06 - HF MEGAKD FF8.64 higher kicls after force cancelling TOF 2000 T9.7us tau.3us KP2VVA 1.5V,,06 - HF MEGAKD FF8.64V T9.7us tau0.3us KP2 0.97V 30 Er,,,,06 - HF trapped FF 8.64V vary ramptime,06 - REAL HF trapped MEGAKD FF 8.46V T9.7us tau1us KP2VVA 3.5V 20Er TOF avg,,06 - HF MEGAKD 2 kicks vary FF tau300ns T10.14us KP2VVA 2V switch to old detuning scheme,,,,06 - Scattering Halos FF 8.64 vary ODT hold time after kick tau1.3us,06 - Scattering Halos FF 8.65V hold 100us tau1us stats,06 -  scattering halos FF8.66V no hold 1us pulse KP2VVA 3.5V,,,,,
,,07 - noninter check,07 - KD both beams KP2 1.5V vary KP1,07 - ZONE EDGE A8 B3 XV7 start drive immediately,07 - ZONE EDGE XV5 A9 B.5 f275 bm TOF 1250,07 - ZONE EDGE XV7.5 A5 B0.5 f55,,,07 - LZ A5 vary B f113 XV1.5,07 - LZ XV1.5 A5 varyB f55,07- troubleshoot,,,,,07 - HF MEGAKD KP1 7V pulsetime 2us T100us TOF 2000 MOT load 7.5s,07 - MEGAKD KP1 4V pulse 2 us T40us  TOF 3ms,,,07 - HF MEGAKD KP1 7V 7.5Er pulse 4us T20us TOF3000,,,07 - imaging .113mW vary timage,07 - woops,,07 - Phase map t30us 2to12Er pulse 2us TOF 3000,07 - MEGAKD KP2VVA 3V 10Er pulse 2us T20us,,,,,,07 - HF MEGAKD KP2 3V tau3us T10us TOF3ms,06SBB - both ODT - Copy,07 - KD check,,,,,,,,,,,,,,,,07 - HF MEGAKD KP2 3V 9Er tau .3us T7us TOF 3ms,07 - MEGAKD stats 0.263 mW IMC with demag,07 - HF check,07 - evap slightly interacting divisor FeshField2 6.4V,,,,,07 - MEGAKD demag down vary t_image fine scan,,07 -  MEGAKD T10us KP2VVA 3V 18Er tau300ns TOF3ms,07 - noninter TOF FF2 6.28V,,,,07 - HF MEGAKD 75Er T7us tau300ns TOF1500us,07 - HF FF 8.66V ramp in 20ms lifetime measurement,31 - HF MEGAKD FF8.6V KP2VVA 1.5V 70Er T6us tau.3us TOF1500us,07 - NI MEGAKD KP2VVA 2.8V 75Er T9us tau.3us TOF0us,,,07 - NI TOF 50 kicks KP2VVA 1V 18Er T 9.7us tau.3us,,07 - noninter divisor,07 - HF FF8.62 size check,07 - HF divisor,,,,,,07SBB - HF BEC side image,07 - HF MEGAKD FF8.473 T 9.7us tau .3us KP2VVA 1.25V,,,07 - HF TOF,,,07 - KD pulse stats T1us tau0.3us,07 - HF MEGAKD FF 8.64 T9.7us tau .3us KP2VVA 3.5V TOF at each kick,,,,,07 - HF MEGAKD FF 8.473V T9.7us tau0.5us KP1VVA 1.5V,07 - HF MEGAKD FF 8.63V TOF each kick T9.7us tau0.3us KP2VVA 1.5V,,,,,,07 - HF FF8.61 TOF,,,,,,07- HF FF8.64V ramp vary ODT ramp up end,07 - Scattering halos FF 8.46V dummy 5us tau 1us KP2VVA 3.5V 20Er TOF 1800us,,07 - HF MEGAKD 20 kicks vary FF tau300ns T10.14us KP2VVA 2V,,,,07 - Scattering Halos FF 8.64 vary ODT hold time after kick tau1us,07 - Scattering Halos FF 8.63V hold 100us tau1us stats,07 -  scattering halos FF8.67V no hold 1us pulse KP2VVA 3.5V,,,,,
,,08 - KD lattice subtraction KP1 6V KP2 3V vary second QWP angle 8 deg step size,08 - calib,08 - ZONE EDGE A8 B3 XV7 start drive immediately KP2 off,08 - ZONE EDGE XV5 A9 B.5 f280 bm TOF 1250,08 - ZONE EDGE XV5 A5 B0.5 f55,,,08 - LZ A5 vary B f110 XV1.5,08 - LZ XV1.5 A5 varyB f50,08 - MEGAKD KP1 7V Pulsetime 3us T50us TOF2000,,,,,08 - HF MEGAKD XV5.9V  KP1 7V pulsetime 2us T100us TOF 2000 MOT load 7.5s,08 - MEGAKD KP1 7V pulse 2us T35us TOF 3000 3 runs each N,,,08 - HF MEGAKD KP1 6V 9.5Er pulse 2us T20us TOF3000,,,08 - imaging OG .052mW vary timage,,,08 - Phase map t40us 2to12Er pulse 2us TOF 3000,08 - MEGAKD KP2VVA 3V 10Er pulse 2us T10us,,,,,,08 - HF MEGAKD KP2 3V tau2us T20us TOF3ms,07SBB - ODT1 only,08 - KD,,,,,,,,,,,,,,,,08 - noninter MEGAKD KP2 3V 9Er tau .3us T7us TOF 3ms,08 - MEGAKD stats 0.455 mW IMC vary t_image with demag,08 - HF MEGAKD stats sat param .1 timage 10us,08 - scan FeshbachField2 around 6.33,,,,,08 - imaging beam after replacing screw on objective mount and dusting,,08 -  MEGAKD T11us KP2VVA 3V 18Er tau300ns TOF1.5ms,08 - MEGAKD FF2 6.28V T9.7us tau300ns KP2VVA 3V 18Er,,,,,08 - HF FF 8.64V lifetime measurement,32 - HF MEGAKD FF8.6V KP2VVA 1.5V 70Er T7us tau.3us TOF1500us,08 - NI MEGAKD KP2VVA 2.8V 75Er T7us tau.3us TOF0us,,,08 - NI TOF 20 kicks KP2VVA 1V 18Er T 9.7us tau.3us,,08 - NI KD divisor 3.5,08 - HF MEGAKD FF8.62V KP2VVA 2V 125Er tau.3us T9us TOF2000us,08 - MEGAKD stats,,,,,,08SBB - Lattice beam alignment,08 - HF MEGAKD FF8.6 T 9.7us tau .3us KP2VVA 1.25V,,,08 - HF vary evapStageDTDK V,,,08 - KD pulse stats T1us tau0.15us,08 - HF MEGAKD FF 8.63 T9.7us tau .3us KP2VVA 3.5V TOF at each kick,,,,,08 - HF MEGAKD FF 8.473V T9.7us tau0.5us KP1VVA 1.5V,08 - HF FF8.63V detuning check,,,,,,08 - HF FF8.61 TOF,,,,,,08 - HF FF8.64V ramp in 20ms ODT ramp up vary end,08 - Scattering halos FF 8.46V dummy 5us tau 1us KP2VVA 3.5V 20Er TOF 1500us,,08 - HF MEGAKD 100 kicks vary FF tau300ns KP2VVA 2V T10.14us,,,,08 - Scattering Halos vary FF vary ODT hold time after kick tau1us,08 - Scattering Halos FF 8.61V hold 100us tau1us stats,08 -  scattering halos FF8.68V no hold 1us pulse KP2VVA 3.5V,,,,,
,,09 - KD lattice subtraction KP1 6V KP2 3V vary second QWP angle 2 deg steps 0-90 deg,09 - ZONE EDGE A8 B3 f262 XV7 start after half period,09 - ZONE EDGE A8 B3 XV7 quench on 6ms,09 - ZONE EDGE XV5 A9 B.5 f290 bm TOF,09 - ZONE EDGE XV9 A5 B0.5 f55,,,,09 - LZ XV1.5 A5 varyB f75,09 - MEGAKD KP1 7V Pulsetime 10us T50us TOF2000,,,,,09 - HF MEGAKD XV3.1V  KP1 7V pulsetime 2us T100us TOF 2000 MOT load 7.5s,09 - MEGAKD KP1 7V pulse 2us T25us TOF 3000 3 runs each N,,,09 - HF MEGAKD KP1 2.75V 6Er pulse 2us T20us TOF3000,,,09 - image sample .302mW for fringe lib,,,09 - Phase map t50us 2to12Er pulse 2us TOF 3000,09 - Noninter stats,,,,,,09 - HF MEGAKD KP2 3V tau3us T30us TOF3ms,08SBB - ODT2 only,09 - KD real,,,,,,,,,,,,,,,,09 - noninter MEGAKD KP2 3V 9Er tau .3us T10us TOF 3ms,09 - MEGAKD stats t_image 20 0.455 mW IMC,09 - HF MEGAKD stats sat param .45 timage 10us,09 -  scan FeshbachField2 TOF 6ms,,,,,09 - noninter after touching objective,,09 -  MEGAKD T9us KP2VVA 3V 18Er tau0.3us TOF1.5ms,09 - noninter TOF FF2 6.43V,,,,,09 - HF FF 8.68V lifetime measurement,33 - HF MEGAKD FF8.6V KP2VVA 1.5V 70Er T8us tau.3us TOF1500us,09 - NI MEGAKD KP2VVA 2.8V 75Er T2us tau.3us TOF0,,,10 - NI TOF 6 kicks KP2VVA 1V 18Er T 9.7us tau.3us,,09 - FeshDown moved to after PWOA to check fringes,09 - HF MEGAKD FF8.64V KP2VVA 2V 125Er tau.3us T9us TOF2000us,09 - HF MEGAKD KP2VVA 1V tau.3us T9us TOF 2000,,,,,,09 - Lattice retro alignment,09 - HF MEGAKD FF8.6.4 T 9.7us tau .3us KP2VVA 1.25V,,,09 - HF vary opevaptime,,,09 - KD pulse stats T1us tau0.05us,09 - HF MEGAKD FF 8.473 T9.7us tau .3us KP2VVA 3.5V TOF at each kick,,,,,,09 - HF MEGAKD FF 8.63V TOF each kick T9.7us tau0.3us KP2VVA 1.5V,,,,,,09 - HF MEGAKD FF8.64  TOF each kick T9.7us tau.3us KP2VVA 1.5V,,,,,,09 - HF FF8.62V ramp in 20ms ODT ramp up vary end,,,09 - HF MEGAKD 10 kicks vary FF tau300ns KP2VVA 2V T10.14us,,,,09 - Scattering Halos FF 8.64V hold 400us tau1us stats,09 - Scattering Halos FF 8.67V hold 700us tau1us stats,09 -  scattering halos FF8.61V no hold 1us pulse KP2VVA 3.5V,,,,,
,,10 - KD lattice subtraction KP1 6V KP2 3V vary second QWP angle .5 deg steps super fine 50-56 deg average 3 runs,10 - KD lattice subtraction KP1 6V KP2 3V vary second QWP angle .5 deg steps,10 - ZONE EDGE A8 B3 XV5 no quench,10 - ZONE EDGE XV7 A9 B.5 f290 bm TOF,10 - ZONE EDGE XV7.5 A5 B0.5 f50,,,,10 - WD XV1.5 A5 B1 f75,10 - MEGAKD KP1 7V Pulsetime 10 us T100us TOF 2000,,,,,10 - HF MEGAKD XV4V  KP1 7V pulsetime 2us T100us TOF 2000 MOT load 7.5s,10 - MEGAKD KP1 7V pulse 2us T50us TOF3000 3 runs each N,,,10 - HF MEGAKD KP1 2.2V 3Er pulse 2us T20us TOF3000,,,10 - MEGAKD KP1 7V 7.5 Er pulse 2us T20us TOF3000,,,10 - Phase map t60us 2to12Er pulse 2us TOF 3000,10 - HF stats,,,,,,10 - HF stats,09SB - ODT1 low power everything else on,10 - KD HF img recoupled,,,,,,,,,,,,,,,,10 - noninter MEGAKD KP2 3V 9Er tau .3us T9.7us TOF 3ms,10 - MEGAKD stats TOF 0 t_image 10us .455mW image power,10 - HF MEGAKD stats sat param .45 timage 5us,10 - scan FF2 stats around 6.33 TOF 3ms,,,,,10 - noninter timage 1.9us,,10 - ZS wing coil test,10 - MEGAKD FF2 6.43V T9.7us tau300ns KP2VVA 3V 18Er,,,,,10 - HF MEGAKD FF 8.64V tau.3us T9.7us KP2VVA 1V 20Er,34 - HF MEGAKD FF8.6V KP2VVA 1.5V 70Er T4us tau.3us TOF1500us,10 - NI MEGAKD KP2VVA 2.8V 75Er T2us tau.3us TOF1500,,,11 - NI TOF 40 kicks KP2VVA 1V 18Er T 9.7us tau.3us,,10 - original config check fringes,10 - HF MEGAKD FF8.60V KP2VVA 2V 125Er tau.3us T9us TOF2000us,10 - HF MEGAKD KP2VVA 1.5V 75Er tau.3us T1us TOF 2000,,,,,,10 - HF stats,,,,10 - HF vary RFvva,,,,10 - HF MEGAKD FF 8.473 T9.7us tau .3us KP2VVA 1.5V TOF at each kick,,,,,,10 - HF MEGAKD FF 8.64V big TOF each kick only large kicks T9.7us tau0.3us KP2VVA 1.5V,,,,,,10 - HF KD 1us pulse,,,,,,10 - HF FF8.60V ramp in 20ms ODT ramp up vary end max 100,,,10 - HF MEGAKD 2 kicks vary FF tau300ns KP2VVA 1V T10.14us,,,,10 - Scattering Halos FF 8.64V 100us ODT hold time after kick tau1us stats,10 - Scattering Halos FF 8.65V hold 700us tau1us stats,10 -  scattering halos FF8.473V no hold 1us pulse KP2VVA 3.5V,,,,,
,,11 - KD lattice subtraction KP1 6V KP2 3V vary second QWP angle,11 - KD lattice subtraction KP1 6V KP2 3V vary second QWP angle .5 deg steps,11 - ZONE EDGE A8 B3 XV7 f250 no quench,11 - ZONE EDGE XV5 A3 B.3 f60,11 - ZONE EDGE XV5 A5 B.5 f50,,,,ROSHAN_LZ_ANALYSIS,11 - MEGAKD KP1 7V Pulsetime 2us T100us TOF2000,,,,,11 - noninter MEGAKD KP1 7V pulsetime 2us T4us TOF 2000,11 - MEGAKD KP1 7V pulse 2us T45us TOF3000 3 runs each N,,,11 - MEGAKD KP1 2.2V 3Er pulse 2us T20us TOF3000,,,11 - HF MEGAKD KP1 7V 7.5 Er pulse 2us T20us TOF3000,,,11 - HF Phase map t10us 2to12Er pulse 2us TOF 3000,11 - HF stats,,,,,,11 - HF MEGAKD KP2 3V tau1us T13us TOF3ms,10SB - ODT1 low power everything else on REAL,11- HF MEGAKD KP2 3V 11Er tau.192us T10us TOF3ms delay.5us,,,,,,,,,,,,,,,,11 - noninter MEGAKD KP2 3V 9Er tau.3us T9us TOF3ms,11 - moving imaging beam pre atoms,11 - HF MEGAKD stats sat param .03 timage 10us,11 - scan FF2 stats around 6.33 TOF 3ms again,,,,,11 - noninter objective focusing walk,,11 - noninter TOF for checking force cancellation,11 - noninter TOF FF2 6.48V,,,,,11 - HF MEGAKD FF 8.64V KP2VVA 1.25V 50Er tau.3us T9.7us,35 - HF MEGAKD FF8.6V KP2VVA 1.5V 70 Er T2us tau.3us TOF1500us,11 - HF divisor,,,12 - NI TOF 12 kicks KP2VVA 1V 18Er T 9.7us tau.3us,,11 - FeshDown moved to after dark image check fringes,11 - HF MEGAKD FF8.60V KP2VVA 1.5V 75Er tau.3us T9us TOF2000us,11 - HF MEGAKD KP2VVA 1.5V 75Er tau.3us T1us TOF 2000 bigger HW ROI,,,,,,,,,,11 - green walk,,,,11 - HF MEGAKD FF 8.64 T9.7us tau .3us KP2VVA 1.5V TOF at each kick,,,,,,,,,,,,11SBB - HF side position,,,,,,11 - HF FF8.60V ramp in 20ms ODT ramp up vary end max 100,,,11 - HF MEGAKD 10 kicks vary FF tau300ns KP2VVA 1V T10.14us,,,,11 - Scattering Halos FF 8.67V 100us ODT hold time after kick tau1us stats,11 - Scattering Halos FF 8.63V hold 700us tau1us stats,11 -  scattering halos FF8.56V no hold 1us pulse KP2VVA 3.5V,,,,,
,,12 - KD lattice subtraction KP1 6V KP2 3V vary second QWP angle 1 deg steps 40-60 deg,12 - KD lattice subtraction KP1 6V KP2 3V vary second QWP angle .5 deg steps from 55 deg to optimal,12 - ZONE EDGE A8 B3 XV5 f250 no quench,12 - PSBO A3,12 - ZONE EDGE XV9 A5 B.5 f50,,,,army_tunablebandgap_varydrivefrequency_fordavid,12 - MEGAKD KP1 7V Pulsetime 2us T90us,,,,,12 - MEGAKD XV2.45 KP1 7V pulsetime 2us T100us TOF 2000,12 - MEGAKD KP1 7V pulse 2us T40us TOF3000 3 runs each N,,,12 - MEGAKD KP1 2.75V 6Er pulse 2us T20us TOF3000,,,,,,12 - HF Phase map t20us 2to12Er pulse 2us TOF 3000,,,,,,,12 - HF MEGAKD KP2 eV tau1us T12us TOF3ms,11SB - ODT1 low power magnets off,12 - HF MEGAKD KP2 3V 11Er tau.3us T10us TOF3ms,,,,,,,,,,,,,,,,12 - noninter MEGAKD KP2 3V 9Er tau.3us T15us TOF3ms,12 - noninter TOF 0 stats after moving imaging beam,12 - MEGAKD stats sat param .45 timage10us,12 - keepin it warm,,,,,12 - MEGAKD stats new objective position,,12 -  MEGAKD T9us KP2VVA 3V 18Er tau0.3us TOF1.5ms,12 - MEGAKD FF2 6.48V T9.7us tau300ns KP2VVA 3V 18Er,,,,,12 - HF MEGAKD FF 8.61V KP2VVA 1.25V 50Er tau .3ns T9.7us,36 - HF MEGAKD FF8.6V KP2VVA 1.5V 70Er T9us tau.3us TOF1500us,12 - HF KD,,,13 - NI TOF 0 kicks KP2VVA 1V 18Er T 9.7us tau.3us,,12 - NI MEGAKD KP2VVA 1.5V 75 Er tau.3us T9us TOF 2000,12 - HF MEGAKD FF8.64V KP2VVA 1.5V 75Er tau.3us T9us TOF2000us,12 - HF MEGAKD KP2VVA 1.5V 75Er tau.3us T2us TOF 2000,,,,,,,,,,12 - HF vary RFvco sweepend,,,,12 - HF MEGAKD FF 8.61 T9.7us tau .3us KP2VVA 1.5V TOF at each kick,,,,,,,,,,,,12SBB - KP position,,,,,,12 - HF FF8.64V vary ramp time ODT ramp in 100ms,,,12 - HF MEGAKD 20 kicks vary FF tau300ns KP2VVA 1V T10.14us,,,,12 - COVID-19- Scattering Halos vary FF 100us ODT hold time after kick tau1us play time,12 - Scattering Halos FF 8.61V hold 700us tau1us stats,12 - scattering halos no kick baseline vary interactions,,,,,
,,13 - stats 49 deg KD,13 - KD WP2 52.75 deg stats,13 - ZONE EDGE A9 B2 XV7 f210,12 - PSBO A3 XV6,13 - ZONE EDGE XV9 A5 B.5 f51,,,,,13 - MEGAKD KP1 7V Pulsetime 2us T75us TOF2000,,,,,13 - MEGAKD XV3.35 KP1 7V pulsetime 2us T100us TOF 2000,13 - MEGAKD KP1 7V pulse 2us T30us TOF3000 3 runs each N,,,13 - MEGAKD KP1 6V 9.5Er pulse 2us T20us TOF3000,,,,,,13 - HF Phase map t30us 2to12Er pulse 2us TOF 3000,,,,,,,,12SBB - both ODT after turning machine off for an hour,13 - HF check,,,,,,,,,,,,,,,,13 - noninter MEGAKD KP2 3V 9Er tau.3us T20us TOF3ms,13 - moving imaging beam horizontal axis,13 - MEGAKD stats sat param .1 timage 10us,13 - vary FF2 hold 1s after opevap TOF 3ms,,,,,13 - objective focusing walk,,13 - MEGAKD T9us KP2VVA 3V 18Er tau0.5us TOF1.5ms,13 - noninter TOF FF2 6.23V,,,,,13 - HF stats,37 - HF MEGAKD FF8.473V KP2VVA 1.5V 70Er T7us tau.3us TOF1500us,13 - HF MEGAKD FF8.473V KP2VVA 1.6V 75Er T9us tau.3us TOF1500us,,,14 - NI RF sweep spin mixing,,13 - NI MEGAKD KP2VVA 2V 125 Er tau.3us T9us TOF 2000,13 - HF MEGAKD FF8.473V KP2VVA 1.5V 75Er tau.3us T2us TOF2000us,13 - HF MEGAKD KP2VVA 1.5V 75Er tau.3us T1.5us TOF 2000,,,,,,,,,,13 - HF RFVCO -5.72V vary evapstagedend,,,,13 - HF MEGAKD FF 8.63 T9.7us tau .3us KP2VVA 1.5V TOF at each kick,,,,,,,,,,,,,,,,,,13 - HF MEGAKD FF8.64V hold in ODTs T9.7us tau.3us KP21.5V,,,13 - HF MEGAKD 50 kicks vary FF tau300ns KP2VVA 1V T10.14us,,,,13 - COVID-19 Scattering halos kick really hard,13 - HF MEGAKD vary FF T5us tau.3us KP2VVA1V 25Er,13 - HF MEGAKD FF8.473V T5.07us tau.3us 20Er no odts,,,,,
,,New folder,14 - KD both beams KP2 1V vary KP1,14 - WD XV0 A5 B.5 150 kHz mod KP1VVA 3.939,13 - MSBO A3 XV7,14 - ZONE EDGE XV5 A5 B.5 f51,,,,,14 - MEGAKD KP1 7V Pulsetime 2us T50us TOF2000,,,,,14 - MEGAKD XV5.25 KP1 7V pulsetime 2us T100us TOF 2000,14 - MEGAKD KP1 7V pulse 2us T100us TOF3000 3 runs each N,,,14 - MEGAKD KP1 7V 7.5Er pulse 2us T30us TOF3000,,,,,,14 - HF Phase map t40us 2to12Er pulse 2us TOF 3000,,,,,,,,13SBB - both ODT after turning machine off for an hour,14 - HF MEGAKD KP2 3V 11Er tau.3us T10us TOF3ms,,,,,,,,,,,,,,,,14 - IMC beam,14 - MEGAKD stats post horizontal knob turn,14 - MEGAKD stats sat param .03 timage 10us,14 - feshbach ramp 15ms to varying FF2,,,,,14 - noninter stats,,14 - noninter check,14 - MEGAKD FF2 6.23V T9.7us tau300ns KP2VVA 3V 18Er,,,,,14 - HF divisor,38 - HF MEGAKD FF8.473V KP2VVA 1.5V 70Er T2us tau.3us TOF1500us,14 - HF MEGAKD FF8.473V KP2VVA 1.6V T9us tau.3us TOF0,,,15 - NI RF sweep spin mixing with RF antenna on,,14 - NI MEGAKD KP2VVA 3V 160 Er tau.3us T9us TOF 2000,14 - HF MEGAKD FF8.60V KP2VVA 1.5V 75Er tau.3us T2us TOF2000us,14 - HF FF8.55V MEGAKD KP2VVA 1.5V 75Er tau.3us T1us TOF2000us,,,,,,,,,,14 - HF vary GMTime,,,,14 - HF MEGAKD FF 8.65 T9.7us tau .3us KP2VVA 1.5V TOF at each kick,,,,,,,,,,,,,,,,,,14 - HF KD,,,14 - HF MEGAKD 100 kicks vary FF tau300ns KP2VVA 1V T10.14us,,,,14 - COVID-19 Scattering halos hold in ODT really tight,14 - HF MEGAKD vary FF T5us tau.3us KP2VVA 1V TOF 1200us,14 - HF MEGAKD FF8.66V T5.07us tau.3us 20Er no odts,,,,,
,,,,15 - WD XV0 A7 B.7 170 kHz mod KP1VVA 4.842,14 - ZONE EDGE XV7 A3 B.3 f50,15 - ZONE EDGE XV9 A5 B.5 f52,,,,,15 - MEGAKD KP1 7V Pulsetime 2us T25us TOF2000,,,,,,,,,15 - accidental 14 repeat,,,,,,15 - HF Phase map t50us 2to12Er pulse 2us TOF 3000,,,,,,,,14SBB - actually both ODTs on,15 - HF check,,,,,,,,,,,,,,,,15 - noninter check,15 - KD1 after transferring all power to KP1,,15 - field ramp 15ms to varying FF2 hold 2.5s,,,,,15 - HF check,,15 - HF check,15 - MEGAKD FF2 6.28V T9.7us tau300ns KP2VVA 3V 18Er,,,,,15 - HF MEGAKD FF8.61V KP2VVA 1.25V 50Er tau .3us T9.7us,39 - noninter check,15 - HF MEGAKD FF8.6V KP2VVA 1.6V 75Er T9us tau.3us TOF1500us,,,16 - NI RF sweep fine scan around RF VCO -4V,,15 - NI MEGAKD KP2VVA 1.5V 75Er tau.3us T7us TOF2000us,15 - HF MEGAKD FF8.64V KP2VVA 1.5V 75Er tau.3us T2us TOF2000us,15 - HF FF8.6V MEGAKD KP2VVA 1.5V 75Er tau.3us T1us TOF2000us,,,,,,,,,,15 - vary D!pumptime,,,,Copy of 10 through 12,,,,,,,,,,,,,,,,,,,,,15 - HF check,,,,15 - COVID-19 Scattering Halos ramp to lattice before snap off,15 - HF MEGAKD vary FF T5us tau.3us KP2VVA 1.5V TOF 1200us,15 - HF MEGAKD FF8.66V T5.07us tau.3us 90Er no odts,,,,,
,,,,16 - WD XV0 A9 B.9 190 kHz mod KP1VVA 5.931,15 - ZONE EDGE XV7 A3 B.6 f50,16 - ZONE EDGE XV10 A5 B.5 f52,,,,,16 - HF check,,,,,,,,,16 - MEGAKD KP1 3.1V 7.5Er pulse 3us T20us TOF3000,,,,,,16 - HF Phase map t60us 2to12Er pulse 2us TOF 3000,,,,,,,,14SBB - both ODTs,16 - plug check,,,,,,,,,,,,,,,,,16 - noninter divisor,,16 - NI vary field ramp time,,,,,16 - HF vary timage,,16- HF check post AMJ optical table moving,16 - MEGAKD FF2 6.33V 3 data points each T9.7us tau300ns KP2VVA 3V 18Er,,,,,16 - HF MEGAKD FF8.625V KP2VVA 1.25V 50Er tau .3us T9.7us,40 - noninter divisor,16 - HF MEGAKD FF8.6V KP2VVA 1.6V 75Er T9us tau.3us TOF0us,,,17 - NI RF sweep .5V steps,,16 - NI MEGAKD KP2VVA 2V 125Er tau.3us T7us TOF2000us,,16 - HF FF8.62V MEGAKD KP2VVA 1.5V 75Er tau.3us T1us TOF2000us,,,,,,,,,,16 - D1PumpTime 250us vary RFVCO end again,,,,,,,,,,,,,,,,,,,,,,,,,16 - HF MEGAKD ODTs on FF 8.473V T10us tau1us KP2VVA 3.5V 20Er,,,,,16 - HF MEGAKD vary FF T5us tau.3us KP2VVA 2V TOF 1200us,16 - HF MEGAKD FF8.473V T5.07us tau.3us 90Er no odts,,,,,
,,,,17 - WD XV0 A9 B.9 210 kHz mod KP1VVA 5.931,16 - ZONE EDGE XV7 A3 B.6 f40,17 - ZONE EDGE XV10 A5 B.5 f52 finer time sampling,,,,,17 - HF TOF,,,,,,,,,17 - MEGAKD KP1 3.1V 7.5Er pulse 4us T20us TOF3000,,,,,,17 - HF MEGAKD KP1 2.23V pulse 2us T20us TOF3000,,,,,,,,15SBB - actually both ODTs on,17 - HF divisor 5 check,,,,,,,,,,,,,,,,,17 - KD1 noninter divisor 5,,17 - MEGAKD T9.7us 18Er tau .3us,,,,,17 - HF TOF,,17 - HF TOF,17 - increased MOT load test,,,,,17 - HF check,41 - noninter KD,17 - HF MEGAKD FF8.65V KP2VVA 1.6V 75Er T9us tau.3us TOF1500,,,18 - NI RF sweep around -4V again,,17 - NI MEGAKD KP2VVA 2V 125Er tau.3us T5us TOF2000us,,17 - NI MEGAKD KP2VVA 1.5V 75Er tau.3us T1us TOF2000us,,,,,,,,,,17 -  HF divisor,,,,,,,,,,,,,,,,,,,,,,,,,,,,,,,17 - HF MEGAKD vary interactions 10 kicksT5.07us tau.3us TOF1200us KP2 2V,,,,,
,,,,18 - WD XV0 A9 B.9 210 kHz mod KP1VVA 5.931 full list,17 - ZONE EDGE XV5 A3 B.6 f50,18 - ZONE EDGE XV10 A5 B.5 f52 bm TOF 1250,,,,,18 - bad,,,,,,,,,18 - MEGAKD KP1 3.75V 9.5Er pulse 2us T20us TOF3000,,,,,,18 - MEGAKD KP1 2.23V pulse 2us T20us TOF3000,,,,,,,,16SBB - ODT1 only,18 - HF divisor 5.5 check,,,,,,,,,,,,,,,,,18 - KD1 noninter divisor 6 after going back to OG endODTs,,17 - MEGAKD T9.7us 18Er tau .3us - Copy,,,,,18 - HF TOF correct detuning,,18 - HF TOF FeshbachField 8.493V,18 - vary MOT load no KDPulse,,,,,18 - HF divisor,,18 - HF MEGAKD FF8.65V KP2VVA 1.6V 75Er T9us tau.3us TOF0,,,19 - NI RF sweep fine scan around -3.8V,,18 - NI MEGAKD KP2VVA 2V 125Er tau.3us T3us TOF2000us,,18 - NI divisor,,,,,,,,,,18 - HF TOF,,,,,,,,,,,,,,,,,,,,,,,,,,,,,,,,,,,,
,,,,19 - WD XV0 A9 B.9 210 kHz mod KP1VVA 5.931 full list random order,18 - ZONE EDGE XV5 A3 B.6 f50,19 - ZONE EDGE XV9 A5 B.3 f52,,,,,19 - HF MEGAKD KP1 7V Pulsetime 2us T100us TOF2000,,,,,,,,,19 - MEGAKD KP1 3.75V 9.5Er pulse 2us T10us TOF3000,,,,,,19 - KP2 testing,,,,,,,,17SBB - ODT2 only,19 - HF MEGAKD KP2 3V 11Er tau.3us T10us TOF3ms,,,,,,,,,,,,,,,,,19 - MEGAKD KP2 3V 18 Er tau .5us T10us,,18 - post IMC kickup dusting MEGAKD T9.7us 18Er tau 0.3us,,,,,19 - HF FeshbachField 8.273V scan HFIMC,,19 - HF MEGAKD FeshbachField 8.493V T9.7us tau300ns KP2VVA 3V 18Er,19 - vary MOT load TOF 8ms,,,,,19 - HF MEGAKD FF8.64V KP2VVA 1.25V 50Er tau.3us T7us TOF1500us,,19 - HF vary FF after 100 kicks,,,20 - NI RF stats at RF VCO -3.82V,,19 - NI MEGAKD KP2VVA 2V 125Er tau.3us T2us TOF2000us,,,,,,,,,,,,19 - HF TOF divisor 6,,,,,,,,,,,,,,,,,,,,,,,,,,,,,,,,,,,,
,,,,20 - WD XV0 A9 B.9 205 kHz mod KP1VVA 5.931 2ms steps,19 - ZONE EDGE XV5 A3 B.6 f44,20 - ZONE EDGE XV9 A5 B.75 f52,,,,,20 - HF MEGAKD KP1 7V Pulsetime 2us T75us TOF2000,,,,,,,,,20 - MEGAKD KP1 2.75V 6Er pulse 2us T10us TOF3000,,,,,,,,,,,,,,18SBB - ODT1 only but load with ODT2 on,20 - HF MEGAKD KP2 3V 11Er tau.3us T7us TOF3ms,,,,,,,,,,,,,,,,,20 - MEGAKD KP2 3V 18 Er tau .5us T9us,,19 - post IMC kickup dusting MEGAKD T9.7us 18Er tau 0.3us - Copy,,,,,20 - HF FF 8.453V scan HFIMC,,20 - HF TOF FeshbachField 8.433V,20 - vary MOT load TOF 10ms,,,,,20 - HF MEGAKD FF8.64V KP2VVA 1.5V 75Er tau.3us T7us TOF 1500us,,20 - HF check at KP2VVA 1.5V,,,21 - NI RF sweep scan RF VVA RF VCO -3.82V,,20 - NI MEGAKD KP2VVA 2V 125Er tau.3us T10us TOF2000us,,,,,,,,,,,,20 - HF TOF divisor 5.5 opevap 5.5s,,,,,,,,,,,,,,,,,,,,,,,,,,,,,,,,,,,,
,,,,21 - WD XV0 A9 B.9 215 kHz mod KP1VVA 5.931,20 - ZONE EDGE XV5 A3 B.6 f39,21 - ZONE EDGE XV9 A5 B.5 f50.5,,,,,21 - HF MEGAKD KP1 7V Pulsetime 2us T50us,,,,,,,,,21 - MEGAKD KP1 2.2V 3Er pulse 2us T10us TOF3000,,,,,,,,,,,,,,19SBB - dummy into ODT hold,21 - HF MEGAKD KP2 3V 11Er tau.3us T5us TOF3ms,,,,,,,,,,,,,,,,,21 - MEGAKD KP2 3V 18 Er tau .3us T9.7us,,,,,,,21 - HF FF 8.453V scan HFIMC TOF 5ms,,21 - HF MEGAKD FeshbachField 8.433V T9.7us tau300ns KP2VVA 3V 18Er,,,,,,21 - HF MEGAKD FF8.64V KP2VVA 2V 112Er tau.3us T7us TOF 1500us,,21 - HF MEGAKD FF8.493V KP2VVA 1.6V 75Er T9us tau.3us TOF1500,,,,,,,,,,,,,,,,,21 - HF KD,,,,,,,,,,,,,,,,,,,,,,,,,,,,,,,,,,,,
,,,,22 - WD XV0 A9 B.9 230 kHz mod KP1VVA 5.931,21 - ZONE EDGE XV5 A3 B1 f39,22 - ZONE EDGE XV9 A5 B1 f50.5,,,,,22 - HF MEGAKD KP1 7V Pulsetime 2us T25us TOF2000,,,,,,,,,,,,,,,,,,,,,,,20SBB - dummy into ODT hold ramp ODT1 down,22 - HF check,,,,,,,,,,,,,,,,,22 - HF MEGAKD KP2 3V 18 Er tau .3us T9.7us,,,,,,,22 - HF FF 8.453V scan HFIMC TOF 7ms,,22 - HF TOF FF 8.453V,,,,,,22 - HF MEGAKD FF8.61V KP2VVA 1.5V 75Er tau.3us T7us TOF1500us,,22 - HF MEGAKD FF8.493V KP2VVA 1.6V 75Er T9us tau.3us TOF0,,,,,,,,,,,,,,,,,22 - HF vary motload,,,,,,,,,,,,,,,,,,,,,,,,,,,,,,,,,,,,
,,,,23 - WD XV0 A9 B.9 250 kHz mod KP1VVA 5.931,22 - ZONE EDGE XV0 A3 B1 f39,23 - ZONE EDGE XV9 A5 B.2 f50.5,,,,,23 - image troubleshoot,,,,,,,,,,,,,,,,,,,,,,,21SBB - ODT1 only no hold,23 - HF divisor,,,,,,,,,,,,,,,,,23 - HF stats,,,,,,,23 - vary FF with varying HFIMC TOF5ms,,23 -  HF MEGAKD FeshbachField 8.453V T9.7us tau300ns KP2VVA 3V 18Er,,,,,,23 - HF MEGAKD FF8.61V KP2VVA 1.25V 50Er tau.3us T7us TOF1500us,,23 - HF MEGAKD FF8.513V KP2VVA 1.6V 75Er T9us tau.3us TOF0,,,,,,,,,,,,,,,,,23 - HF KD,,,,,,,,,,,,,,,,,,,,,,,,,,,,,,,,,,,,
,,,,24 - WD XV0 A9 B.9 270 kHz mod KP1VVA 5.931,23 - ZONE EDGE XV7 A4 B.5 f50,army_zoneedge_sp_fordavid,,,,,R06 - Fringe removal,,,,,,,,,,,,,,,,,,,,,,,22SBB - dummy into ODT1 transfer,24 - plug check,,,,,,,,,,,,,,,,,24 - HF stats opevaptime 4500,,,,,,,24 - HF MEGAKD 18Er T9.7us tau.3us FF8.473V TOF1.5ms,,24 - HF TOF FF 8.513V,,,,,,24 - HF MEGAKD FF8.58V KP2VVA 1.25V 50Er tau.3us T7us TOF1500us,,24 - HF MEGAKD FF8.513V KP2VVA 1.6V 75Er T9us tau.3us TOF1500us,,,,,,,,,,,,,,,,,24 - small pulse time test,,,,,,,,,,,,,,,,,,,,,,,,,,,,,,,,,,,,
,,,,25 - WD XV0 A9 B1.5 270 kHz mod KP1VVA 6.301,24 - WD XV5 A9 B.9 f190,,,,,,,,,,,,,,,,,,,,,,,,,,,,,23SBB - dummy into ODT2 transfer,25SBB - HF new stable position,,,,,,,,,,,,,,,,,25 - HF stats opevaptime 5500 higher odt setpoints divisor 7,,,,,,,25 - HF MEGAKD 18Er T9.7us tau.3us FF8.493V TOF1.5ms,,25 -  HF MEGAKD FeshbachField 8.513V T9.7us tau300ns KP2VVA 3V 18Er,,,,,,25 - HF MEGAKD FF8.58V KP2VVA 1.5V 75Er tau.3us T7us TOF1500us,,25 - NI MEGAKD FF2 6.33V KP2VVA 1V 18Er T9.7us tau0.3us TOF1500,,,,,,,,,,,,,,,,,25 - HF MEGAKD T9.7us KP2 2V tau.15us,,,,,,,,,,,,,,,,,,,,,,,,,,,,,,,,,,,,
,,,,26 - WD XV0 A9 B1.5 273 kHz mod KP1VVA 6.301,25 - WD XV5 A9 B.9 f300,,,,,,,,,,,,,,,,,,,,,,,,,,,,,24SBB - dummy into ODT transfer,26SBB - HF new stable position TOF0,,,,,,,,,,,,,,,,,26 - HF stats opevaptime 6500 og odt setpoint divisor 5.7,,,,,,,,,26 - ZS SHIMS ON HF MEGAKD FeshbachField 8.513V T9.7us tau300ns KP2VVA 3V 18Er,,,,,,,,army_qkr_varyinteraction_atomdatas_fordavid,,,,,,,,,,,,,,,,,26 - HF vary D1PumpTime,,,,,,,,,,,,,,,,,,,,,,,,,,,,,,,,,,,,
,,,,27 - WD XV0 A9 B.9 268 kHz mod KP1VVA 5.931,26 - WD XV5 A9 B2 f300,,,,,,,,,,,,,,,,,,,,,,,,,,,,,25SBB - dummy into ODT2 transfer -20,27SBB - KP1,,,,,,,,,,,,,,,,,27 - HF stats opevaptime 7500 divisor 5.5,,,,,,,,,,,,,,,,,army_qkr_varyinteraction_fordavid,,,,,,,,,,,,,,,,,,,,,,,,,,,,,,,,,,,,,,,,,,,,,,,,,,,,,
,,,,28 - WD XV0 A9 B.9 265 kHz mod KP1VVA 5.931,27 - WD XV5 A2 B.5 f50,,,,,,,,,,,,,,,,,,,,,,,,,,,,,26SBB - dummy into ODT transfer -20,28 - HF stats,,,,,,,,,,,,,,,,,28 - HF stats opevaptime 5500 divisor 5.5,,,,,,,,,,,,,,,,,,,,,,,,,,,,,,,,,,,,,,,,,,,,,,,,,,,,,,,,,,,,,,,,,,,,,,
,,,,29 - WD XV0 A9 B.9 262 kHz mod KP1VVA 5.931,28 - WD XV5 A6 B.6 f75,,,,,,,,,,,,,,,,,,,,,,,,,,,,,27SBB - dummy into ODT2 transfer -100,29 - KD check,,,,,,,,,,,,,,,,,,,,,,,,,,,,,,,,,,,,,,,,,,,,,,,,,,,,,,,,,,,,,,,,,,,,,,,,,,,,,,,,,,,,,,,
,,,,30 - WD XV0 A9 B.9 260 kHz mod KP1VVA 5.931,29 - WD XV5 A6 B.6 f50,,,,,,,,,,,,,,,,,,,,,,,,,,,,,28SBB - dummy into ODT transfer -100,30 - HF check,,,,,,,,,,,,,,,,,,,,,,,,,,,,,,,,,,,,,,,,,,,,,,,,,,,,,,,,,,,,,,,,,,,,,,,,,,,,,,,,,,,,,,,
,,,,31 - WD XV0 A9 B.9 260 kHz mod KP1VVA5.931,30 - WD XV5 A6 B1.2 f85,,,,,,,,,,,,,,,,,,,,,,,,,,,,,29SBB - dummy into ODT1 transfer -100,31 - HF TOF0 divisor,,,,,,,,,,,,,,,,,,,,,,,,,,,,,,,,,,,,,,,,,,,,,,,,,,,,,,,,,,,,,,,,,,,,,,,,,,,,,,,,,,,,,,,
,,,,32 - WD XV0 A9 B.9 250 kHz mod KP1VVA5.931,31 - WD XV5 A6 B.6 f85,,,,,,,,,,,,,,,,,,,,,,,,,,,,,30 - dummy into ODT transfer,32 - HF KD,,,,,,,,,,,,,,,,,,,,,,,,,,,,,,,,,,,,,,,,,,,,,,,,,,,,,,,,,,,,,,,,,,,,,,,,,,,,,,,,,,,,,,,
,,,,33 - WD XV0 A9 B.9 240 kHz mod KP1VVA5.931,32 - WD XV5 A5 B.5 f77,,,,,,,,,,,,,,,,,,,,,,,,,,,,,31 - ODT TOF,33 - HF MEGAKD KP2 3V 9Er tau.3us T5us TOF3ms,,,,,,,,,,,,,,,,,,,,,,,,,,,,,,,,,,,,,,,,,,,,,,,,,,,,,,,,,,,,,,,,,,,,,,,,,,,,,,,,,,,,,,,
,,,,34 - WD XV0 A9 B.9 230 kHz mod KP1VVA,33 - WD XV5 A5 B.5 f70,,,,,,,,,,,,,,,,,,,,,,,,,,,,,32 - ODT TOF with IMR recoupled,34 - HF MEGAKD KP2 3V 9Er tau.3us T9us TOF3ms,,,,,,,,,,,,,,,,,,,,,,,,,,,,,,,,,,,,,,,,,,,,,,,,,,,,,,,,,,,,,,,,,,,,,,,,,,,,,,,,,,,,,,,
,,,,35 - WD XV1 A9 B.9 230 kHz mod KP1VVA 5.931,34 - WD XV5 A5 B.5 f65,,,,,,,,,,,,,,,,,,,,,,,,,,,,,33 - ODT TOF timage 5us,35 - HF check,,,,,,,,,,,,,,,,,,,,,,,,,,,,,,,,,,,,,,,,,,,,,,,,,,,,,,,,,,,,,,,,,,,,,,,,,,,,,,,,,,,,,,,
,,,,36 - WD XV0.5 A9 B.9 230 kHz mod KP1VVA5.931,35 - ZONE EDGE XV5 A5 B.5 f62,,,,,,,,,,,,,,,,,,,,,,,,,,,,,34 - XODT vert walk TOF3ms,36 - HF MEGAKD KP2 3V 9Er tau.3us T9.7us TOF3ms,,,,,,,,,,,,,,,,,,,,,,,,,,,,,,,,,,,,,,,,,,,,,,,,,,,,,,,,,,,,,,,,,,,,,,,,,,,,,,,,,,,,,,,
,,,,37 - WD XV.5 A9 B.9 240 kHz mod,36 - ZONE EDGE XV5 A5 B.5 f60,,,,,,,,,,,,,,,,,,,,,,,,,,,,,35 - XODT vert walk TOF3ms,37 - HF MEGAKD KP2 3V  9Er  tau.3us T11us TOF3ms,,,,,,,,,,,,,,,,,,,,,,,,,,,,,,,,,,,,,,,,,,,,,,,,,,,,,,,,,,,,,,,,,,,,,,,,,,,,,,,,,,,,,,,
,,,,38 - WD XV.5 A9 B.9 244 kHz mod,37 - ZONE EDGE XV5 A5 B.5 f57,,,,,,,,,,,,,,,,,,,,,,,,,,,,,36 - XODT vert walk TOF3ms,38 - HF MEGAKD KP2 3V 9Er tau.3us T10us TOF3ms,,,,,,,,,,,,,,,,,,,,,,,,,,,,,,,,,,,,,,,,,,,,,,,,,,,,,,,,,,,,,,,,,,,,,,,,,,,,,,,,,,,,,,,
,,,,39 - WD XV.5 A9 B.9 246 kHz mod,38 - ZONE EDGE XV5 A5 B.5 f55,,,,,,,,,,,,,,,,,,,,,,,,,,,,,37 - HF check,39 - HF MEGAKD KP2 3V 9Er tau.6us T9us TOF3ms,,,,,,,,,,,,,,,,,,,,,,,,,,,,,,,,,,,,,,,,,,,,,,,,,,,,,,,,,,,,,,,,,,,,,,,,,,,,,,,,,,,,,,,
,,,,40 - WD XV.5 A9 B.9 248 kHz mod,39 - ZONE EDGE XV5 A5 B.5 f51,,,,,,,,,,,,,,,,,,,,,,,,,,,,,38 - HF divisor,40 - HF MEGAKD KP2 3V 9Er tau1us T9us TOF3ms,,,,,,,,,,,,,,,,,,,,,,,,,,,,,,,,,,,,,,,,,,,,,,,,,,,,,,,,,,,,,,,,,,,,,,,,,,,,,,,,,,,,,,,
,,,,41 - WD XV.75 A9 B.9 248 kHz mod,40 - ZONE EDGE XV5 A5 B2 f51,,,,,,,,,,,,,,,,,,,,,,,,,,,,,39 - ODT TOF,41 - HF MEGAKD KP2 2V 6.5Er tau.3us T10us TOF3ms,,,,,,,,,,,,,,,,,,,,,,,,,,,,,,,,,,,,,,,,,,,,,,,,,,,,,,,,,,,,,,,,,,,,,,,,,,,,,,,,,,,,,,,
,,,,42 - WD XV1 A9 B.9 248 kHz mod,41 - ZONE EDGE XV5 A5 B.5 f49,,,,,,,,,,,,,,,,,,,,,,,,,,,,,40 - HF divisor,42 - HF MEGAKD KP2 1.25V 2.5Er tau.3us T10us TOF3ms,,,,,,,,,,,,,,,,,,,,,,,,,,,,,,,,,,,,,,,,,,,,,,,,,,,,,,,,,,,,,,,,,,,,,,,,,,,,,,,,,,,,,,,
,,,,43 - WD XV1 A9 B1.5 248 kHz mod,42 - ZONE EDGE XV5 A5 B.5 f47,,,,,,,,,,,,,,,,,,,,,,,,,,,,,41 - evap troubleshoot,,,,,,,,,,,,,,,,,,,,,,,,,,,,,,,,,,,,,,,,,,,,,,,,,,,,,,,,,,,,,,,,,,,,,,,,,,,,,,,,,,,,,,,,
,,,,44 - WD XV1 A9 B1.5 251 kHz mod,43 - ZONE EDGE XV7 A5 B.5 f47,,,,,,,,,,,,,,,,,,,,,,,,,,,,,42 - HF vary SXFTime divisor 5 TOF0,,,,,,,,,,,,,,,,,,,,,,,,,,,,,,,,,,,,,,,,,,,,,,,,,,,,,,,,,,,,,,,,,,,,,,,,,,,,,,,,,,,,,,,,
,,,,45 - WD XV1 A9 B1.5 254 kHz mod,44 - ZONE EDGE XV4.25 A5 B.5 f47,,,,,,,,,,,,,,,,,,,,,,,,,,,,,,,,,,,,,,,,,,,,,,,,,,,,,,,,,,,,,,,,,,,,,,,,,,,,,,,,,,,,,,,,,,,,,,,,,,,,,,,,,,,,,,,,,,,,,
,,,,46 - WD XV1 A9 B1.5 257 kHz mod,45 - PSBO XV4.25 A5,,,,,,,,,,,,,,,,,,,,,,,,,,,,,,,,,,,,,,,,,,,,,,,,,,,,,,,,,,,,,,,,,,,,,,,,,,,,,,,,,,,,,,,,,,,,,,,,,,,,,,,,,,,,,,,,,,,,,
,,,,47 - WD XV1 A9 B1.5 260 kHz mod,46 - PSBO XV4.5 A5,,,,,,,,,,,,,,,,,,,,,,,,,,,,,,,,,,,,,,,,,,,,,,,,,,,,,,,,,,,,,,,,,,,,,,,,,,,,,,,,,,,,,,,,,,,,,,,,,,,,,,,,,,,,,,,,,,,,,
,,,,48 - WD XV1 A9 B1.5 262 kHz mod,47 - ZONE EDGE XV5 A5 B.5 f48,,,,,,,,,,,,,,,,,,,,,,,,,,,,,,,,,,,,,,,,,,,,,,,,,,,,,,,,,,,,,,,,,,,,,,,,,,,,,,,,,,,,,,,,,,,,,,,,,,,,,,,,,,,,,,,,,,,,,
,,,,49 - WD XV1 A9 B1.5 262 kHz mod bm TOF 1250,48 - ZONE EDGE XV6 A5 B.5 f48,,,,,,,,,,,,,,,,,,,,,,,,,,,,,,,,,,,,,,,,,,,,,,,,,,,,,,,,,,,,,,,,,,,,,,,,,,,,,,,,,,,,,,,,,,,,,,,,,,,,,,,,,,,,,,,,,,,,,
,,,,50 - WD XV1 A9 B.9 262 kHz mod bm TOF 1250,49 - ZONE EDGE XV7 A5 B.5 f48,,,,,,,,,,,,,,,,,,,,,,,,,,,,,,,,,,,,,,,,,,,,,,,,,,,,,,,,,,,,,,,,,,,,,,,,,,,,,,,,,,,,,,,,,,,,,,,,,,,,,,,,,,,,,,,,,,,,,
,,,,51 - WD XV1 A9 B2 262 kHz mod bm TOF 1250,50 - ZONE EDGE XV7.5 A5 B.5 f48,,,,,,,,,,,,,,,,,,,,,,,,,,,,,,,,,,,,,,,,,,,,,,,,,,,,,,,,,,,,,,,,,,,,,,,,,,,,,,,,,,,,,,,,,,,,,,,,,,,,,,,,,,,,,,,,,,,,,
,,,,52 - WD XV1 A9 B1.5 264 kHz mod bm TOF 1250,51 - ZONE EDGE XV8 A5 B.5 f48,,,,,,,,,,,,,,,,,,,,,,,,,,,,,,,,,,,,,,,,,,,,,,,,,,,,,,,,,,,,,,,,,,,,,,,,,,,,,,,,,,,,,,,,,,,,,,,,,,,,,,,,,,,,,,,,,,,,,
,,,,53 - WD XV1 A9 B1.5 266 kHz mod bm TOF 1250,52 - ZONE EDGE XV7.5 A5 B.25 f48,,,,,,,,,,,,,,,,,,,,,,,,,,,,,,,,,,,,,,,,,,,,,,,,,,,,,,,,,,,,,,,,,,,,,,,,,,,,,,,,,,,,,,,,,,,,,,,,,,,,,,,,,,,,,,,,,,,,,
,,,,54 - WD XV1 A9 B1.5 268 kHz mod bm TOF 1250,53 - ZONE EDGE XV7.5 A5 B1 f48,,,,,,,,,,,,,,,,,,,,,,,,,,,,,,,,,,,,,,,,,,,,,,,,,,,,,,,,,,,,,,,,,,,,,,,,,,,,,,,,,,,,,,,,,,,,,,,,,,,,,,,,,,,,,,,,,,,,,
,,,,55 - WD XV1 A9 B1.5 270 kHz mod bm TOF 1250,54 - ZONE EDGE XV7.5 A5 B.1 f48,,,,,,,,,,,,,,,,,,,,,,,,,,,,,,,,,,,,,,,,,,,,,,,,,,,,,,,,,,,,,,,,,,,,,,,,,,,,,,,,,,,,,,,,,,,,,,,,,,,,,,,,,,,,,,,,,,,,,
,,,,56 - WD XV1 A9 B.1 265 kHz mod bm TOF 1250,,,,,,,,,,,,,,,,,,,,,,,,,,,,,,,,,,,,,,,,,,,,,,,,,,,,,,,,,,,,,,,,,,,,,,,,,,,,,,,,,,,,,,,,,,,,,,,,,,,,,,,,,,,,,,,,,,,,,,
,,,,57 - WD XV1 A9 B.3 265 kHz mod bm TOF 1250,,,,,,,,,,,,,,,,,,,,,,,,,,,,,,,,,,,,,,,,,,,,,,,,,,,,,,,,,,,,,,,,,,,,,,,,,,,,,,,,,,,,,,,,,,,,,,,,,,,,,,,,,,,,,,,,,,,,,,
,,,,58 - WD XV1 A9 B.5 265 kHz mod bm TOF 1250,,,,,,,,,,,,,,,,,,,,,,,,,,,,,,,,,,,,,,,,,,,,,,,,,,,,,,,,,,,,,,,,,,,,,,,,,,,,,,,,,,,,,,,,,,,,,,,,,,,,,,,,,,,,,,,,,,,,,,
,,,,army_zoneedge_varydrivefrequency_fordavid,,,,,,,,,,,,,,,,,,,,,,,,,,,,,,,,,,,,,,,,,,,,,,,,,,,,,,,,,,,,,,,,,,,,,,,,,,,,,,,,,,,,,,,,,,,,,,,,,,,,,,,,,,,,,,,,,,,,,,
,,,,army_zoneedge_varydrivefrequency_odmixpngs,,,,,,,,,,,,,,,,,,,,,,,,,,,,,,,,,,,,,,,,,,,,,,,,,,,,,,,,,,,,,,,,,,,,,,,,,,,,,,,,,,,,,,,,,,,,,,,,,,,,,,,,,,,,,,,,,,,,,,
